City_ID,City,Lat,Lng,Max Temp,Humidity,Cloudiness,Wind Speed,Country,Date
0,Leningradskiy,69.3833,178.4167,28.35,83,97,18.95,RU,2021-09-19 01:09:28
1,Fortuna,40.5982,-124.1573,69.42,66,75,4.0,US,2021-09-19 01:09:58
2,Gao,16.6362,1.637,91.36,29,2,11.12,ML,2021-09-19 01:09:59
3,Qaanaaq,77.484,-69.3632,12.88,74,100,6.33,GL,2021-09-19 01:10:00
4,Ushuaia,-54.8,-68.3,38.86,70,0,3.44,AR,2021-09-19 01:05:27
5,Rikitea,-23.1203,-134.9692,72.95,75,9,7.34,PF,2021-09-19 01:08:00
6,Mataura,-46.1927,168.8643,48.47,70,100,5.32,NZ,2021-09-19 01:10:00
7,Faanui,-16.4833,-151.75,77.83,75,16,17.65,PF,2021-09-19 01:10:00
8,New Norfolk,-42.7826,147.0587,62.1,73,100,5.99,AU,2021-09-19 01:06:29
9,Lata,40.1629,-8.3327,62.82,96,8,2.17,PT,2021-09-19 01:05:35
10,Punta Arenas,-53.15,-70.9167,39.31,81,0,9.22,CL,2021-09-19 01:05:23
11,Ixtlahuacan Del Rio,20.8667,-103.25,73.26,82,78,3.11,MX,2021-09-19 01:10:01
12,Salina Cruz,16.1667,-95.2,81.63,82,70,4.74,MX,2021-09-19 01:10:02
13,Hilo,19.7297,-155.09,80.62,70,30,3.0,US,2021-09-19 01:05:20
14,George,-33.963,22.4617,47.75,100,0,6.91,ZA,2021-09-19 01:10:02
15,Tuatapere,-46.1333,167.6833,48.81,73,100,9.22,NZ,2021-09-19 01:10:05
16,Vaini,-21.2,-175.2,71.76,94,90,10.36,TO,2021-09-19 01:10:05
17,Jutai,-5.1833,-68.9,76.15,81,19,2.64,BR,2021-09-19 01:10:05
18,Atuona,-9.8,-139.0333,77.77,74,19,17.47,PF,2021-09-19 01:10:05
19,Hasaki,35.7333,140.8333,75.6,72,100,26.35,JP,2021-09-19 01:06:44
20,Tiznit,29.5833,-9.5,65.95,84,100,2.21,MA,2021-09-19 01:10:06
21,Mahebourg,-20.4081,57.7,68.25,83,76,10.4,MU,2021-09-19 01:10:06
22,Mandawar,29.5,78.1333,75.45,87,0,5.17,IN,2021-09-19 01:10:07
23,Porto Santo,33.072,-16.3415,71.98,60,40,9.22,PT,2021-09-19 01:10:07
24,Iranshahr,27.2025,60.6848,84.52,41,0,1.12,IR,2021-09-19 01:07:16
25,Kutum,14.2,24.6667,75.87,53,77,1.45,SD,2021-09-19 01:10:07
26,Busselton,-33.65,115.3333,56.05,83,37,11.48,AU,2021-09-19 01:10:08
27,Verin,41.9415,-7.4381,51.24,87,6,3.56,ES,2021-09-19 01:10:08
28,Santa Maria,-29.6842,-53.8069,62.51,97,7,5.53,BR,2021-09-19 01:10:08
29,Ribeira Grande,38.5167,-28.7,68.22,67,100,8.81,PT,2021-09-19 01:10:09
30,Choix,26.7092,-108.3219,86.56,69,5,5.77,MX,2021-09-19 01:10:09
31,Ketchikan,55.3422,-131.6461,54.07,87,90,0.0,US,2021-09-19 01:09:11
32,Cherskiy,68.75,161.3,34.61,56,14,12.59,RU,2021-09-19 01:10:09
33,Yeppoon,-23.1333,150.7333,78.58,55,0,9.46,AU,2021-09-19 01:10:10
34,Udomlya,57.8794,34.9925,35.6,80,100,8.23,RU,2021-09-19 01:10:10
35,Mehamn,71.0357,27.8492,41.29,78,0,13.0,NO,2021-09-19 01:10:10
36,Bollnas,61.3482,16.3946,42.13,98,99,2.04,SE,2021-09-19 01:10:11
37,Beloha,-25.1667,45.05,61.68,61,97,7.43,MG,2021-09-19 01:07:18
38,Albany,42.6001,-73.9662,69.76,71,27,5.48,US,2021-09-19 01:08:40
39,Kholodnyy,62.7167,147.95,40.21,93,100,9.48,RU,2021-09-19 01:10:11
40,Mukdahan,16.5833,104.5,81.32,80,60,3.44,TH,2021-09-19 01:10:11
41,Kandra,22.85,86.05,76.46,90,100,2.75,IN,2021-09-19 01:10:12
42,Cape Town,-33.9258,18.4232,59.11,76,71,5.99,ZA,2021-09-19 01:08:48
43,Tezu,27.9167,96.1667,76.28,70,0,1.01,IN,2021-09-19 01:10:12
44,Saskylakh,71.9167,114.0833,28.38,84,17,2.93,RU,2021-09-19 01:10:13
45,Del Rio,29.3627,-100.8968,82.51,61,1,9.22,US,2021-09-19 01:10:13
46,Hermanus,-34.4187,19.2345,56.89,76,6,2.1,ZA,2021-09-19 01:10:13
47,Lebu,-37.6167,-73.65,47.97,80,3,9.84,CL,2021-09-19 01:10:14
48,Bluff,-46.6,168.3333,48.79,78,100,14.03,NZ,2021-09-19 01:06:05
49,Arkhangelsk,64.5401,40.5433,39.31,87,75,2.24,RU,2021-09-19 01:10:14
50,Port Alfred,-33.5906,26.891,60.06,77,95,30.2,ZA,2021-09-19 01:10:14
51,Shimoda,34.6667,138.95,76.98,82,100,18.72,JP,2021-09-19 01:10:15
52,Kodiak,57.79,-152.4072,52.47,52,0,8.12,US,2021-09-19 01:10:15
53,Iquique,-20.2208,-70.1431,59.04,77,73,2.15,CL,2021-09-19 01:10:15
54,Kapaa,22.0752,-159.319,84.18,67,20,4.0,US,2021-09-19 01:10:16
55,Thompson,55.7435,-97.8558,56.21,56,100,5.64,CA,2021-09-19 01:10:16
56,Nanortalik,60.1432,-45.2371,41.02,92,100,11.61,GL,2021-09-19 01:06:23
57,Mirabad,30.4362,61.8383,78.08,26,42,8.41,AF,2021-09-19 01:10:16
58,Sa Kaeo,13.75,102.3333,78.91,87,96,6.78,TH,2021-09-19 01:10:17
59,Carnarvon,-24.8667,113.6333,68.07,42,0,18.41,AU,2021-09-19 01:10:17
60,Hay River,60.8156,-115.7999,50.79,70,93,11.14,CA,2021-09-19 01:10:17
61,Arauca,7.0847,-70.7591,74.43,91,97,1.54,CO,2021-09-19 01:10:18
62,Kaeo,-35.1,173.7833,64.33,61,98,9.89,NZ,2021-09-19 01:10:18
63,Roma,43.2128,-75.4557,65.12,87,1,0.0,US,2021-09-19 01:06:33
64,Dikson,73.5069,80.5464,34.12,75,10,26.13,RU,2021-09-19 01:10:18
65,Nelson Bay,-32.7167,152.15,71.29,41,0,3.0,AU,2021-09-19 01:10:19
66,Butaritari,3.0707,172.7902,82.83,69,6,17.52,KI,2021-09-19 01:10:19
67,Khartoum,15.5518,32.5324,84.02,64,98,1.01,SD,2021-09-19 01:06:04
68,Norman Wells,65.282,-126.8329,50.23,62,100,9.24,CA,2021-09-19 01:10:20
69,Bilibino,68.0546,166.4372,29.3,73,42,6.02,RU,2021-09-19 01:10:20
70,Hobart,-42.8794,147.3294,62.46,48,40,25.32,AU,2021-09-19 01:05:23
71,Araouane,18.9048,-3.5265,95.22,17,46,8.21,ML,2021-09-19 01:10:20
72,Chokurdakh,70.6333,147.9167,34.9,59,37,6.78,RU,2021-09-19 01:10:21
73,Khatanga,71.9667,102.5,31.59,68,1,13.04,RU,2021-09-19 01:06:33
74,Itanagar,27.1,93.6167,74.77,93,71,0.98,IN,2021-09-19 01:10:21
75,Saint-Francois,46.4154,3.9054,57.47,88,90,4.61,FR,2021-09-19 01:10:21
76,Shingu,33.7333,135.9833,79.92,61,85,1.59,JP,2021-09-19 01:10:22
77,La Ronge,55.1001,-105.2842,56.1,69,100,4.72,CA,2021-09-19 01:10:22
78,Buchanan,5.8808,-10.0467,76.21,90,98,2.59,LR,2021-09-19 01:10:22
79,Thinadhoo,0.5333,72.9333,83.05,73,100,4.27,MV,2021-09-19 01:10:23
80,Bria,6.5423,21.9863,68.31,97,96,1.63,CF,2021-09-19 01:10:23
81,Gold Coast,-28.0,153.4333,81.77,54,59,1.99,AU,2021-09-19 01:06:59
82,Coihueco,-36.6167,-71.8333,47.14,87,20,5.75,CL,2021-09-19 01:10:24
83,Vikhorevka,56.1201,101.1636,51.39,91,100,3.85,RU,2021-09-19 01:10:24
84,Ballina,-28.8667,153.5667,77.18,69,85,11.68,AU,2021-09-19 01:10:24
85,San Bartolome De Tirajana,27.9248,-15.5733,63.66,76,40,16.11,ES,2021-09-19 01:10:25
86,Baoqing,46.3317,132.2111,55.09,47,100,4.79,CN,2021-09-19 01:10:25
87,Malacatepec,18.9333,-98.3,59.68,93,100,7.83,MX,2021-09-19 01:10:25
88,Puerto Ayora,-0.7393,-90.3518,69.55,92,46,7.0,EC,2021-09-19 01:05:34
89,Livingston,55.9029,-3.5226,57.33,98,90,1.14,GB,2021-09-19 01:10:26
90,Hithadhoo,-0.6,73.0833,83.12,73,100,6.96,MV,2021-09-19 01:10:26
91,Upernavik,72.7868,-56.1549,21.16,62,18,5.97,GL,2021-09-19 01:10:26
92,Tabou,4.423,-7.3528,76.89,88,28,7.11,CI,2021-09-19 01:10:27
93,Kaitangata,-46.2817,169.8464,54.84,56,100,7.74,NZ,2021-09-19 01:10:27
94,Sumbe,-11.2061,13.8437,71.38,90,86,6.6,AO,2021-09-19 01:10:27
95,Byron Bay,-28.65,153.6167,78.75,66,38,9.66,AU,2021-09-19 01:10:28
96,Avarua,-21.2078,-159.775,78.85,65,11,17.27,CK,2021-09-19 01:10:28
97,Kavaratti,10.5669,72.642,81.57,77,100,8.95,IN,2021-09-19 01:06:04
98,Saint George,37.1041,-113.5841,80.94,48,90,4.0,US,2021-09-19 01:05:49
99,Castro,-24.7911,-50.0119,64.67,84,39,1.79,BR,2021-09-19 01:10:29
100,Kidal,18.4411,1.4078,89.04,13,0,9.6,ML,2021-09-19 01:07:45
101,Colombo,6.9319,79.8478,80.19,86,100,5.01,LK,2021-09-19 01:10:29
102,Geraldton,-28.7667,114.6,61.21,72,3,10.36,AU,2021-09-19 01:05:30
103,Tuktoyaktuk,69.4541,-133.0374,45.07,72,100,2.62,CA,2021-09-19 01:10:29
104,Bonnyville,54.2668,-110.735,55.09,47,100,6.33,CA,2021-09-19 01:10:30
105,Bengkulu,-3.8004,102.2655,77.49,87,86,9.89,ID,2021-09-19 01:06:26
106,Terney,45.0503,136.6092,63.27,34,60,3.04,RU,2021-09-19 01:10:30
107,Severo-Kurilsk,50.6789,156.125,52.68,92,100,14.16,RU,2021-09-19 01:06:00
108,Ullapool,57.8987,-5.1604,54.75,84,98,5.55,GB,2021-09-19 01:10:31
109,Chulman,56.8479,124.9104,40.66,64,80,7.14,RU,2021-09-19 01:10:31
110,Bambous Virieux,-20.3428,57.7575,68.22,82,66,8.39,MU,2021-09-19 01:05:47
111,Grafton,42.207,-71.6856,70.16,85,90,2.48,US,2021-09-19 01:08:32
112,Soroti,1.7146,33.6111,63.57,95,84,1.99,UG,2021-09-19 01:10:32
113,Matli,25.0431,68.6557,82.36,77,100,13.33,PK,2021-09-19 01:10:32
114,Clyde River,70.4692,-68.5914,29.71,82,100,3.22,CA,2021-09-19 01:10:32
115,Jamestown,42.097,-79.2353,65.52,89,1,1.99,US,2021-09-19 01:10:17
116,Puerto Del Rosario,28.5004,-13.8627,74.95,78,64,13.8,ES,2021-09-19 01:10:33
117,Broome,42.2506,-75.833,67.01,78,1,1.01,US,2021-09-19 01:10:33
118,Benjamin Aceval,-24.9667,-57.5667,86.14,49,65,7.38,PY,2021-09-19 01:10:33
119,Port Keats,-14.25,129.55,88.34,47,5,2.64,AU,2021-09-19 01:10:34
120,Sao Filipe,14.8961,-24.4956,79.16,82,57,5.03,CV,2021-09-19 01:10:34
121,Bara,10.3744,10.7288,73.53,94,17,6.91,NG,2021-09-19 01:10:34
122,Isangel,-19.55,169.2667,75.72,63,28,14.32,VU,2021-09-19 01:10:35
123,Denpasar,-8.65,115.2167,82.06,78,40,13.8,ID,2021-09-19 01:06:29
124,Bredasdorp,-34.5322,20.0403,49.28,88,1,7.47,ZA,2021-09-19 01:10:35
125,Gigmoto,13.7796,124.39,78.22,93,100,1.3,PH,2021-09-19 01:10:36
126,El Alto,-4.2714,-81.2147,62.01,85,22,17.25,PE,2021-09-19 01:10:36
127,Pevek,69.7008,170.3133,31.32,73,100,15.84,RU,2021-09-19 01:10:36
128,Pangody,65.85,74.4859,36.9,92,100,16.62,RU,2021-09-19 01:10:37
129,Kiunga,-6.1219,141.2906,75.74,91,97,2.24,PG,2021-09-19 01:10:37
130,Touros,-5.1989,-35.4608,77.9,76,8,16.71,BR,2021-09-19 01:10:37
131,Chumikan,54.7183,135.315,49.57,53,97,21.27,RU,2021-09-19 01:09:09
132,Huai Yot,7.7893,99.6348,77.94,88,92,3.36,TH,2021-09-19 01:10:38
133,Mar Del Plata,-38.0023,-57.5575,53.62,100,90,8.05,AR,2021-09-19 01:10:38
134,Rincon,32.296,-81.2354,80.85,78,40,3.44,US,2021-09-19 01:10:38
135,Naze,28.3667,129.4833,78.91,64,9,5.26,JP,2021-09-19 01:10:39
136,Praia,14.9215,-23.5087,79.34,94,40,5.75,CV,2021-09-19 01:10:39
137,Komsomolskiy,40.4272,71.7189,65.12,34,0,9.22,UZ,2021-09-19 01:10:39
138,Buta,2.7858,24.73,69.53,99,100,2.48,CD,2021-09-19 01:10:40
139,Turukhansk,65.8167,87.9833,42.4,85,100,9.13,RU,2021-09-19 01:10:40
140,Georgetown,5.4112,100.3354,78.89,88,20,1.01,MY,2021-09-19 01:06:57
141,Gidole,5.65,37.3667,56.25,92,100,3.74,ET,2021-09-19 01:10:41
142,Vila Franca Do Campo,37.7167,-25.4333,66.61,73,81,6.55,PT,2021-09-19 01:10:41
143,Lazaro Cardenas,17.9583,-102.2,79.86,84,100,3.22,MX,2021-09-19 01:07:24
144,Svobodnyy,51.4,128.1333,52.95,50,0,9.91,RU,2021-09-19 01:10:41
145,Los Llanos De Aridane,28.6585,-17.9182,71.35,81,75,9.22,ES,2021-09-19 01:10:42
146,Saint-Georges,12.0564,-61.7485,78.48,83,20,0.0,GD,2021-09-19 01:06:01
147,Kaniv,49.7518,31.46,54.97,84,91,8.16,UA,2021-09-19 01:10:42
148,Kropotkin,45.4375,40.5756,62.4,71,99,6.55,RU,2021-09-19 01:10:42
149,Luderitz,-26.6481,15.1594,53.29,87,32,6.08,NA,2021-09-19 01:06:57
150,Cidreira,-30.1811,-50.2056,64.04,96,16,5.01,BR,2021-09-19 01:10:43
151,Richards Bay,-28.783,32.0377,56.53,80,0,7.38,ZA,2021-09-19 01:10:43
152,Lavrentiya,65.5833,-171.0,39.13,92,100,10.22,RU,2021-09-19 01:10:44
153,Boende,-0.2167,20.8667,68.68,97,100,1.16,CD,2021-09-19 01:10:44
154,Iqaluit,63.7506,-68.5145,32.76,97,100,4.88,CA,2021-09-19 01:05:45
155,Biak,-0.9131,122.8766,79.43,69,100,5.53,ID,2021-09-19 01:06:27
156,Sigli,5.3848,95.9609,79.45,77,100,4.63,ID,2021-09-19 01:10:45
157,Saint-Pierre,-21.3393,55.4781,71.24,86,90,5.75,RE,2021-09-19 01:10:45
158,Tasiilaq,65.6145,-37.6368,37.56,67,100,4.85,GL,2021-09-19 01:10:45
159,Iquitos,-3.7481,-73.2472,75.0,85,31,1.74,PE,2021-09-19 01:10:46
160,Lubumbashi,-11.6609,27.4794,68.7,52,0,8.97,CD,2021-09-19 01:10:46
161,Balakhta,55.38,91.6,50.99,76,100,1.74,RU,2021-09-19 01:10:46
162,Perth,-31.9333,115.8333,60.78,97,75,3.44,AU,2021-09-19 01:10:47
163,Udalguri,26.7667,92.1333,76.21,93,95,4.83,IN,2021-09-19 01:10:47
164,Barrow,71.2906,-156.7887,35.62,80,90,13.8,US,2021-09-19 01:10:04
165,Usinsk,65.9939,57.5281,36.21,72,100,20.62,RU,2021-09-19 01:10:48
166,Pisco,-13.7,-76.2167,60.03,91,44,4.41,PE,2021-09-19 01:10:48
167,Kavieng,-2.5744,150.7967,84.25,73,22,15.01,PG,2021-09-19 01:10:48
168,Brae,60.3964,-1.353,55.31,96,68,14.99,GB,2021-09-19 01:10:49
169,Fairbanks,64.8378,-147.7164,45.61,51,40,3.0,US,2021-09-19 01:10:44
170,Ampanihy,-24.7,44.75,61.45,54,100,8.79,MG,2021-09-19 01:06:14
171,Provideniya,64.3833,-173.3,47.82,80,11,7.45,RU,2021-09-19 01:10:49
172,Portland,45.5234,-122.6762,63.61,82,90,1.01,US,2021-09-19 01:09:41
173,Bokaa,-24.45,26.0167,55.72,66,1,13.71,BW,2021-09-19 01:10:50
174,Dingle,10.9995,122.6711,83.1,77,19,0.98,PH,2021-09-19 01:06:59
175,Flinders,-34.5833,150.8552,70.05,42,7,8.99,AU,2021-09-19 01:07:19
176,Daru,-9.0763,143.2092,77.34,88,100,17.96,PG,2021-09-19 01:10:50
177,Mbanza-Ngungu,-5.25,14.8667,69.48,72,60,8.08,CD,2021-09-19 01:10:50
178,Arraial Do Cabo,-22.9661,-42.0278,69.8,91,6,3.11,BR,2021-09-19 01:10:51
179,Souillac,-20.5167,57.5167,68.36,85,75,12.95,MU,2021-09-19 01:10:51
180,Guerrero Negro,27.9769,-114.0611,71.51,74,16,19.48,MX,2021-09-19 01:10:52
181,Mazamari,-11.3258,-74.5308,71.04,91,73,2.77,PE,2021-09-19 01:10:52
182,Codrington,-38.2667,141.9667,52.66,85,100,21.56,AU,2021-09-19 01:10:52
183,Yellowknife,62.456,-114.3525,45.01,71,100,16.17,CA,2021-09-19 01:06:35
184,Tutoia,-2.7619,-42.2744,80.29,77,96,12.46,BR,2021-09-19 01:10:53
185,Kumbo,6.2,10.6667,59.45,94,100,3.11,CM,2021-09-19 01:10:53
186,Victoria,22.2855,114.1577,89.65,84,58,3.0,HK,2021-09-19 01:09:48
187,Lagos,6.5833,3.75,76.35,91,72,3.89,NG,2021-09-19 01:07:48
188,Tomatlan,19.9333,-105.25,77.9,92,100,1.63,MX,2021-09-19 01:10:53
189,Burns Lake,54.2331,-125.7533,47.39,78,100,4.92,CA,2021-09-19 01:10:54
190,Bonavista,48.6499,-53.1147,61.12,93,73,17.54,CA,2021-09-19 01:10:54
191,Korla,41.7597,86.1469,72.0,25,0,4.54,CN,2021-09-19 01:10:54
192,Almaznyy,48.0448,40.045,57.34,61,92,10.13,RU,2021-09-19 01:10:55
193,Ushibuka,32.1906,130.0228,75.15,69,0,5.55,JP,2021-09-19 01:10:55
194,Henties Bay,-22.116,14.2845,52.86,93,0,6.49,NA,2021-09-19 01:08:39
195,Puri,19.8,85.85,79.32,76,100,3.38,IN,2021-09-19 01:06:30
196,Sheridan,44.8333,-106.9173,77.38,25,1,4.0,US,2021-09-19 01:10:56
197,Airai,-8.9266,125.4092,73.02,34,20,4.85,TL,2021-09-19 01:10:56
198,Port Elizabeth,-33.918,25.5701,55.09,76,1,17.27,ZA,2021-09-19 01:10:56
199,Alofi,-19.0595,-169.9187,78.04,80,4,13.02,NU,2021-09-19 01:10:57
200,Nipawin,53.3668,-104.0009,71.38,31,2,7.61,CA,2021-09-19 01:10:57
201,Monrovia,6.3005,-10.7969,75.2,93,100,5.53,LR,2021-09-19 01:10:57
202,Dali,25.7,100.1833,62.37,94,97,3.85,CN,2021-09-19 01:10:58
203,Samfya,-11.3649,29.5565,68.34,65,0,10.94,ZM,2021-09-19 01:10:58
204,Nikolskoye,59.7035,30.7861,39.09,85,100,6.38,RU,2021-09-19 01:10:58
205,Kruisfontein,-34.0033,24.7314,55.89,84,0,6.53,ZA,2021-09-19 01:10:59
206,Ranong,9.9658,98.6348,80.91,84,100,4.27,TH,2021-09-19 01:10:59
207,Saint-Denis,48.9167,2.3333,65.23,86,0,2.3,FR,2021-09-19 01:10:59
208,Hua Hin,12.5707,99.9588,81.19,78,100,4.25,TH,2021-09-19 01:11:00
209,Bilma,18.6853,12.9164,86.52,16,83,8.3,NE,2021-09-19 01:11:00
210,Abalak,58.1286,68.5944,34.25,96,100,10.76,RU,2021-09-19 01:11:00
211,Camacha,33.0833,-16.3333,69.22,60,40,9.22,PT,2021-09-19 01:11:01
212,Lompoc,34.6391,-120.4579,69.94,72,1,10.36,US,2021-09-19 01:11:01
213,Port Blair,11.6667,92.75,81.43,80,52,5.37,IN,2021-09-19 01:11:02
214,Dalvik,65.9702,-18.5286,48.87,79,100,7.58,IS,2021-09-19 01:11:02
215,Kedrovyy,56.1667,91.8167,43.21,83,100,3.2,RU,2021-09-19 01:11:02
216,Shumskiy,54.8318,99.1328,54.5,82,84,2.04,RU,2021-09-19 01:11:03
217,Sooko,-7.9097,111.6599,76.75,74,98,7.0,ID,2021-09-19 01:11:03
218,Matagami,49.7502,-77.6328,49.64,77,100,1.77,CA,2021-09-19 01:11:03
219,Aleksandrovskoye,44.7142,43.0008,55.54,93,99,11.27,RU,2021-09-19 01:11:04
220,Batemans Bay,-35.7167,150.1833,64.98,34,100,12.08,AU,2021-09-19 01:11:04
221,Mumford,5.2618,-0.759,75.06,93,100,6.62,GH,2021-09-19 01:11:04
222,Atambua,-9.1061,124.8925,83.32,42,34,3.4,ID,2021-09-19 01:11:05
223,Matara,5.9485,80.5353,78.31,89,100,4.14,LK,2021-09-19 01:11:05
224,Avera,33.194,-82.5271,80.47,62,100,2.19,US,2021-09-19 01:11:06
225,Tibiri,13.5627,7.0485,80.62,66,5,12.06,NE,2021-09-19 01:08:58
226,Salalah,17.0151,54.0924,80.69,94,75,4.61,OM,2021-09-19 01:11:06
227,Padang,-0.9492,100.3543,73.45,96,100,3.96,ID,2021-09-19 01:11:06
228,Belomorsk,64.5232,34.7668,40.01,79,100,0.67,RU,2021-09-19 01:11:07
229,Nueva Italia De Ruiz,19.0167,-102.1,75.6,90,100,3.8,MX,2021-09-19 01:11:07
230,Ipatele,46.9167,27.4167,55.02,87,85,2.91,RO,2021-09-19 01:11:07
231,Hun,29.1268,15.9477,80.13,28,0,8.95,LY,2021-09-19 01:11:08
232,Rabo De Peixe,37.8,-25.5833,65.71,72,40,9.22,PT,2021-09-19 01:11:08
233,Valdivia,-39.8142,-73.2459,46.49,92,9,1.9,CL,2021-09-19 01:11:08
234,Margate,51.3813,1.3862,62.31,90,100,9.04,GB,2021-09-19 01:06:19
235,Ahuimanu,21.4447,-157.8378,89.31,63,40,16.11,US,2021-09-19 01:11:09
236,Yulara,-25.2406,130.9889,73.54,30,0,14.05,AU,2021-09-19 01:11:09
237,Bemidji,47.4736,-94.8803,65.88,61,1,8.05,US,2021-09-19 01:11:09
238,Sidi Ali,36.0998,0.4206,71.08,69,0,2.55,DZ,2021-09-19 01:11:10
239,Camalu,30.85,-116.0667,71.42,67,0,13.04,MX,2021-09-19 01:11:10
240,Ambunti,-4.2365,142.8448,79.68,91,98,1.32,PG,2021-09-19 01:11:11
241,Tura,25.5198,90.2201,73.98,95,34,2.73,IN,2021-09-19 01:11:11
242,Cairns,-16.9167,145.7667,84.07,49,41,21.85,AU,2021-09-19 01:11:11
243,Formosa Do Rio Preto,-11.0483,-45.1931,77.31,31,1,2.95,BR,2021-09-19 01:11:12
244,Moreira Sales,-24.0622,-53.0069,79.16,48,44,7.23,BR,2021-09-19 01:08:56
245,Kilosa,-6.8333,36.9833,68.47,72,72,1.03,TZ,2021-09-19 01:11:12
246,Inhambane,-23.865,35.3833,66.04,55,93,8.14,MZ,2021-09-19 01:11:12
247,Torbay,47.6666,-52.7314,61.48,94,1,14.18,CA,2021-09-19 01:09:34
248,Esperance,-33.8667,121.9,60.64,82,100,12.12,AU,2021-09-19 01:11:13
249,Labrea,-7.2586,-64.7981,74.61,90,96,2.64,BR,2021-09-19 01:11:13
250,Kilindoni,-7.9139,39.6668,75.74,78,18,7.47,TZ,2021-09-19 01:11:14
251,Kungurtug,50.5994,97.5228,52.81,51,0,1.54,RU,2021-09-19 01:11:14
252,Carlsbad,33.1581,-117.3506,81.59,74,1,5.99,US,2021-09-19 01:11:14
253,Okitipupa,6.5047,4.7839,73.9,97,95,2.51,NG,2021-09-19 01:11:14
254,Olafsvik,64.8945,-23.7142,45.21,81,100,6.31,IS,2021-09-19 01:11:15
255,Kalaleh,37.3807,55.4916,71.15,77,98,3.4,IR,2021-09-19 01:11:15
256,Keetmanshoop,-26.5833,18.1333,57.47,28,1,4.94,NA,2021-09-19 01:11:16
257,Trofors,65.5333,13.4063,51.15,81,94,3.96,NO,2021-09-19 01:11:16
258,Barabinsk,55.3571,78.357,45.18,76,100,12.88,RU,2021-09-19 01:11:16
259,Sept-Iles,50.2001,-66.3821,58.24,65,87,3.0,CA,2021-09-19 01:11:16
260,Mnogovershinnyy,53.9353,139.9242,46.89,54,15,18.63,RU,2021-09-19 01:09:25
261,Khandbari,27.3747,87.2039,71.24,88,52,1.66,NP,2021-09-19 01:11:17
262,Carrollton,32.9537,-96.8903,90.21,49,20,4.61,US,2021-09-19 01:11:18
263,Tucuman,-26.8241,-65.2226,68.0,56,82,6.91,AR,2021-09-19 01:09:22
264,Katsuura,35.1333,140.3,78.91,72,93,26.04,JP,2021-09-19 01:06:28
265,Okhotsk,59.3833,143.3,49.35,69,85,3.02,RU,2021-09-19 01:11:18
266,Farafangana,-22.8167,47.8333,62.11,69,25,10.02,MG,2021-09-19 01:11:18
267,Saint-Philippe,-21.3585,55.7679,71.15,75,100,17.31,RE,2021-09-19 01:11:19
268,Otane,-39.8833,176.6333,58.39,47,3,2.57,NZ,2021-09-19 01:11:19
269,Nuuk,64.1835,-51.7216,34.41,86,2,8.05,GL,2021-09-19 01:11:19
270,Sola,-13.8833,167.55,79.9,78,11,21.45,VU,2021-09-19 01:11:20
271,Kamenka,51.3223,42.7678,48.87,52,100,11.21,RU,2021-09-19 01:11:20
272,Conway,35.0887,-92.4421,77.02,88,40,6.91,US,2021-09-19 01:08:01
273,Turayf,31.6725,38.6637,74.57,34,0,8.23,SA,2021-09-19 01:11:21
274,Cabedelo,-6.9811,-34.8339,75.87,78,3,14.34,BR,2021-09-19 01:11:21
275,Taoudenni,22.6783,-3.9836,95.11,16,2,24.16,ML,2021-09-19 01:11:21
276,Alpena,45.0617,-83.4327,57.97,87,1,0.0,US,2021-09-19 01:11:22
277,Chadan,51.2833,91.5833,54.14,50,0,1.61,RU,2021-09-19 01:11:22
278,Manzhouli,49.6,117.4333,48.9,46,0,3.94,CN,2021-09-19 01:11:22
279,Sand Springs,36.1398,-96.1089,87.55,57,1,3.44,US,2021-09-19 01:07:56
280,Waynesville,35.4887,-82.9887,69.48,93,100,1.99,US,2021-09-19 01:11:23
281,East London,-33.0153,27.9116,59.99,76,19,23.33,ZA,2021-09-19 01:11:23
282,Mount Gambier,-37.8333,140.7667,53.51,94,90,18.41,AU,2021-09-19 01:11:23
283,Novyye Gorki,56.7253,41.0601,33.58,83,100,4.92,RU,2021-09-19 01:11:24
284,Dera Bugti,29.0307,69.151,86.81,40,5,5.06,PK,2021-09-19 01:08:18
285,Elko,41.0002,-115.5012,77.02,12,0,21.99,US,2021-09-19 01:11:24
286,Takoradi,4.8845,-1.7554,74.77,93,100,5.68,GH,2021-09-19 01:11:24
287,Mandi,31.7167,76.9167,68.56,92,85,0.13,IN,2021-09-19 01:11:25
288,Narsaq,60.9167,-46.05,41.22,94,100,4.16,GL,2021-09-19 01:11:25
289,Pangnirtung,66.1451,-65.7125,32.86,83,100,3.29,CA,2021-09-19 01:11:25
290,Sakakah,29.9697,40.2064,79.54,22,0,8.48,SA,2021-09-19 01:11:26
291,Chuy,-33.6971,-53.4616,58.05,98,25,6.6,UY,2021-09-19 01:11:26
292,Seoul,37.5683,126.9778,76.51,58,40,2.93,KR,2021-09-19 01:09:58
293,Labuhan,-6.8844,112.2051,82.27,68,4,5.68,ID,2021-09-19 01:11:26
294,Saint-Louis,16.3333,-15.0,85.24,64,100,10.2,SN,2021-09-19 01:11:27
295,Champerico,14.3,-91.9167,85.35,82,25,7.34,GT,2021-09-19 01:11:27
296,Cascais,38.6979,-9.4215,65.46,71,4,8.99,PT,2021-09-19 01:11:27
297,Klaksvik,62.2266,-6.589,54.52,88,100,22.53,FO,2021-09-19 01:11:28
298,Biltine,14.5333,20.9167,83.21,50,54,3.58,TD,2021-09-19 01:11:28
299,Kirakira,-10.4544,161.9205,83.91,75,33,13.91,SB,2021-09-19 01:11:28
300,Zig,40.127,-92.7663,73.92,83,1,4.61,US,2021-09-19 01:11:29
301,Tiksi,71.6872,128.8694,34.59,75,100,18.01,RU,2021-09-19 01:11:29
302,Zhezkazgan,47.8043,67.7144,46.13,57,32,8.16,KZ,2021-09-19 01:11:29
303,Los Zacatones,22.95,-102.05,69.35,56,53,11.88,MX,2021-09-19 01:07:28
304,Puerto Madryn,-42.7692,-65.0385,53.82,57,7,10.92,AR,2021-09-19 01:11:30
305,Gizo,-8.103,156.8419,84.16,72,26,8.21,SB,2021-09-19 01:11:30
306,Oistins,13.0667,-59.5333,77.09,83,20,5.75,BB,2021-09-19 01:11:31
307,Kem,64.9555,34.5793,42.26,68,100,2.53,RU,2021-09-19 01:11:31
308,Karratha,-20.7377,116.8463,82.36,22,0,10.96,AU,2021-09-19 01:11:31
309,Panaba,21.2833,-88.2667,84.36,58,73,10.18,MX,2021-09-19 01:11:32
310,Culiacan,24.7994,-107.3897,87.48,74,75,5.75,MX,2021-09-19 01:07:28
311,Cayenne,4.9333,-52.3333,83.08,80,0,1.99,GF,2021-09-19 01:07:25
312,Tahe,52.3333,124.7333,49.95,45,0,4.16,CN,2021-09-19 01:11:32
313,Longyearbyen,78.2186,15.6401,46.24,81,75,12.66,SJ,2021-09-19 01:11:32
314,Barguzin,53.6167,109.6167,51.98,63,100,5.97,RU,2021-09-19 01:11:33
315,Nioro,13.35,-15.75,75.96,94,100,4.85,GM,2021-09-19 01:11:33
316,Rawson,-43.3002,-65.1023,52.95,49,4,8.05,AR,2021-09-19 01:11:34
317,Maneadero,31.7167,-116.5667,71.19,78,1,3.0,MX,2021-09-19 01:11:34
318,Semey,50.4111,80.2275,37.62,93,0,6.71,KZ,2021-09-19 01:11:34
319,Sukkur,27.7052,68.8574,88.52,46,1,8.39,PK,2021-09-19 01:11:35
320,Olovyannaya,50.95,115.5667,47.95,77,49,4.99,RU,2021-09-19 01:11:35
321,Harper,4.375,-7.7169,76.77,88,43,7.92,LR,2021-09-19 01:11:35
322,Mariental,-24.6333,17.9667,60.33,25,0,3.89,NA,2021-09-19 01:11:36
323,Praia Da Vitoria,38.7333,-27.0667,66.76,74,99,8.88,PT,2021-09-19 01:08:50
324,Penha,-26.7694,-48.6458,68.72,94,75,0.0,BR,2021-09-19 01:11:36
325,Chauk,20.8833,94.8167,78.13,87,100,10.47,MM,2021-09-19 01:11:36
326,Manama,26.2154,50.5832,87.78,80,0,3.44,BH,2021-09-19 01:11:37
327,Ballangen,68.3428,16.8315,51.4,76,90,4.61,NO,2021-09-19 01:11:37
328,Saint Anthony,45.0205,-93.218,73.71,48,1,5.99,US,2021-09-19 01:08:15
329,Belle Glade,26.6845,-80.6676,84.18,78,100,2.26,US,2021-09-19 01:11:38
330,Gairo,39.8497,9.5047,64.17,57,0,5.53,IT,2021-09-19 01:11:38
331,Ventspils,57.3894,21.5606,46.33,76,90,9.22,LV,2021-09-19 01:09:23
332,Port-Gentil,-0.7193,8.7815,77.02,80,100,10.42,GA,2021-09-19 01:11:38
333,Alice Springs,-23.7,133.8833,67.55,37,75,18.41,AU,2021-09-19 01:11:39
334,Mgandu,-5.95,34.1333,63.72,53,55,11.32,TZ,2021-09-19 01:11:39
335,Coolum Beach,-26.5333,153.1,81.34,48,1,6.31,AU,2021-09-19 01:11:39
336,Ibatiba,-20.2339,-41.5106,66.83,43,1,1.79,BR,2021-09-19 01:11:40
337,Maceio,-9.6658,-35.7353,72.84,94,20,2.3,BR,2021-09-19 01:11:40
338,Sisimiut,66.9395,-53.6735,31.96,54,98,9.4,GL,2021-09-19 01:11:40
339,Trairi,-3.2778,-39.2689,78.46,79,11,13.31,BR,2021-09-19 01:06:42
340,Donskoye,45.4552,41.9741,57.33,73,100,13.82,RU,2021-09-19 01:11:41
341,Aksarayskiy,46.7924,48.0119,51.75,70,7,6.38,RU,2021-09-19 01:11:41
342,Beidao,34.5686,105.8933,62.6,80,2,0.34,CN,2021-09-19 01:11:41
343,Ponta Do Sol,32.6667,-17.1,72.23,64,20,7.4,PT,2021-09-19 01:11:42
344,Itaituba,-4.2761,-55.9836,79.66,68,92,1.3,BR,2021-09-19 01:11:42
345,Huarmey,-10.0681,-78.1522,62.24,83,75,8.63,PE,2021-09-19 01:11:42
346,Enumclaw,47.2043,-121.9915,56.66,93,90,3.78,US,2021-09-19 01:11:43
347,Karagaylinskiy,54.172,86.5521,44.26,71,100,5.77,RU,2021-09-19 01:11:43
348,Yuanping,38.7153,112.7575,58.51,94,100,2.64,CN,2021-09-19 01:11:43
349,Namatanai,-3.6667,152.4333,84.15,72,78,9.08,PG,2021-09-19 01:11:44
350,North Bend,43.4065,-124.2243,66.24,87,90,18.41,US,2021-09-19 01:11:44
351,Ostrovnoy,68.0531,39.5131,36.86,80,8,2.89,RU,2021-09-19 01:11:44
352,Igrim,63.1906,64.4162,32.74,97,100,15.79,RU,2021-09-19 01:11:45
353,Asau,46.4333,26.4,57.76,75,40,5.39,RO,2021-09-19 01:11:45
354,Muisne,0.6,-80.0333,75.02,88,99,9.57,EC,2021-09-19 01:11:45
355,Marquette,46.5333,-87.6335,59.77,80,7,7.96,US,2021-09-19 01:11:46
356,Mount Pleasant,32.7941,-79.8626,80.01,90,1,1.99,US,2021-09-19 01:08:04
357,Saint-Augustin,51.226,-58.6502,57.36,70,100,9.28,CA,2021-09-19 01:11:46
358,Pawayan,28.0667,80.1,76.37,93,0,4.07,IN,2021-09-19 01:11:47
359,Shache,38.4167,77.2406,68.83,20,0,3.0,CN,2021-09-19 01:11:47
360,Half Moon Bay,37.4636,-122.4286,73.87,82,90,4.61,US,2021-09-19 01:08:48
361,Sinnamary,5.3833,-52.95,79.09,86,66,6.98,GF,2021-09-19 01:11:47
362,Vila,42.0304,-8.1588,50.32,90,15,3.33,PT,2021-09-19 01:11:48
363,Svetlogorsk,52.6333,29.7333,48.06,94,100,6.8,BY,2021-09-19 01:11:48
364,Dzhankoy,45.7167,34.4,61.41,84,73,6.69,UA,2021-09-19 01:11:48
365,San Lawrenz,36.0553,14.204,78.85,90,0,4.0,MT,2021-09-19 01:11:49
366,Sao Joao Da Barra,-21.6403,-41.0511,73.4,86,8,9.66,BR,2021-09-19 01:11:49
367,Kernersville,36.1199,-80.0736,75.38,89,1,0.0,US,2021-09-19 01:11:49
368,Namibe,-15.1961,12.1522,59.45,86,8,3.38,AO,2021-09-19 01:11:49
369,Kahului,20.8947,-156.47,86.02,65,40,24.16,US,2021-09-19 01:11:50
370,Oktyabrskoye,43.0645,44.7417,51.94,100,61,4.47,RU,2021-09-19 01:11:50
371,Benghazi,32.1167,20.0667,79.79,53,0,5.23,LY,2021-09-19 01:11:50
372,Amapa,1.0,-52.0,71.89,97,100,2.17,BR,2021-09-19 01:11:51
373,Areosa,41.7178,-8.8571,61.3,84,45,10.89,PT,2021-09-19 01:11:51
374,Snezhnogorsk,69.1933,33.2531,31.78,57,100,7.85,RU,2021-09-19 01:11:52
375,Grand Gaube,-20.0064,57.6608,68.38,88,94,5.14,MU,2021-09-19 01:11:52
376,Mogadishu,2.0371,45.3438,76.93,82,21,16.15,SO,2021-09-19 01:10:47
377,Khor,47.8861,134.9464,54.36,50,100,12.3,RU,2021-09-19 01:11:52
378,Rodrigues Alves,-7.738,-72.6509,76.35,70,2,2.89,BR,2021-09-19 01:07:00
379,Aykhal,66.0,111.5,31.77,71,8,3.29,RU,2021-09-19 01:11:53
380,Port Hardy,50.6996,-127.4199,54.68,84,82,10.92,CA,2021-09-19 01:11:53
381,Kieta,-6.2167,155.6333,84.25,71,78,4.65,PG,2021-09-19 01:11:54
382,Rumford,44.5537,-70.5509,67.44,97,100,4.83,US,2021-09-19 01:10:29
383,Sindor,62.8629,51.8905,35.6,77,100,10.74,RU,2021-09-19 01:11:54
384,Calvinia,-31.4707,19.776,49.05,60,77,2.48,ZA,2021-09-19 01:11:54
385,Roald,62.5833,6.1333,58.33,87,90,5.75,NO,2021-09-19 01:11:55
386,Collie,-33.3667,116.15,52.99,82,61,4.63,AU,2021-09-19 01:11:55
387,Carahue,-38.7,-73.1667,48.4,92,42,2.39,CL,2021-09-19 01:11:55
388,Tall Kayf,37.0833,41.0667,74.66,28,0,5.59,TR,2021-09-19 01:11:56
389,Tromso,69.6496,18.957,46.42,71,75,16.11,NO,2021-09-19 01:11:56
390,Shirokiy,49.758,129.523,54.88,57,0,12.15,RU,2021-09-19 01:11:56
391,Paragominas,-2.9667,-47.4833,75.22,83,64,3.53,BR,2021-09-19 01:11:57
392,Yar-Sale,66.8333,70.8333,34.79,100,100,16.37,RU,2021-09-19 01:11:57
393,San Quintin,30.4833,-115.95,70.18,71,0,17.74,MX,2021-09-19 01:11:57
394,Urusha,54.05,122.9,45.61,57,91,2.75,RU,2021-09-19 01:11:58
395,Ahipara,-35.1667,173.1667,57.22,64,100,9.19,NZ,2021-09-19 01:11:58
396,Hokitika,-42.7167,170.9667,52.59,78,100,11.43,NZ,2021-09-19 01:11:58
397,Sergeyevka,53.88,67.4158,38.03,83,79,12.55,KZ,2021-09-19 01:11:58
398,Cabo San Lucas,22.8909,-109.9124,92.61,74,20,8.05,MX,2021-09-19 01:10:01
399,Obama,35.4958,135.746,77.63,78,100,15.84,JP,2021-09-19 01:11:59
400,Ribeira Brava,32.65,-17.0667,72.23,65,16,8.05,PT,2021-09-19 01:11:59
401,Boysun,38.2061,67.1986,65.77,19,0,6.02,UZ,2021-09-19 01:12:00
402,Kapit,2.0167,112.9333,73.87,100,100,0.87,MY,2021-09-19 01:12:00
403,Banda Aceh,5.5577,95.3222,78.6,81,100,5.61,ID,2021-09-19 01:12:00
404,Camargo,27.6667,-105.1667,84.6,23,40,9.75,MX,2021-09-19 01:12:01
405,Tulagi,-9.0996,160.1476,81.91,80,17,20.76,SB,2021-09-19 01:12:01
406,Adre,13.4667,22.2,73.62,73,37,2.15,TD,2021-09-19 01:12:01
407,Sherman,33.6357,-96.6089,87.94,58,40,0.0,US,2021-09-19 01:12:02
408,Den Helder,52.9599,4.7593,59.95,93,82,6.91,NL,2021-09-19 01:12:02
409,Shellbrook,53.2168,-106.4011,75.42,26,100,15.84,CA,2021-09-19 01:12:02
410,Myaundzha,63.0494,147.1858,37.81,96,100,13.89,RU,2021-09-19 01:12:02
411,Marienburg,54.0359,19.0266,53.26,74,34,6.62,PL,2021-09-19 01:12:03
412,Helong,42.5397,128.9972,71.17,45,100,3.18,CN,2021-09-19 01:12:03
413,Hoquiam,46.9809,-123.8893,62.46,60,90,6.91,US,2021-09-19 01:12:04
414,Porto Novo,6.4965,2.6036,76.05,91,44,5.08,BJ,2021-09-19 01:12:04
415,Aksarka,66.5606,67.7975,31.98,97,100,28.25,RU,2021-09-19 01:08:57
416,Quatre Cocos,-20.2078,57.7625,68.09,82,63,4.97,MU,2021-09-19 01:12:04
417,Honiara,-9.4333,159.95,87.33,66,27,11.59,SB,2021-09-19 01:12:05
418,Moron,-34.6534,-58.6198,63.01,92,0,3.0,AR,2021-09-19 01:12:05
419,Beihai,21.4833,109.1,85.05,76,8,10.85,CN,2021-09-19 01:12:05
420,Along,28.1667,94.7667,72.68,95,43,0.85,IN,2021-09-19 01:07:13
421,Mombasa,-4.0547,39.6636,73.71,87,2,10.85,KE,2021-09-19 01:12:06
422,Tambun,-6.2641,107.0712,82.44,69,98,5.75,ID,2021-09-19 01:12:06
423,Dudinka,69.4058,86.1778,39.96,94,100,11.1,RU,2021-09-19 01:12:06
424,Rettikhovka,44.1683,132.7669,65.23,47,100,2.33,RU,2021-09-19 01:12:07
425,Assiniboia,49.6334,-105.9845,82.08,14,8,17.09,CA,2021-09-19 01:12:07
426,Riyadh,24.6877,46.7219,80.74,17,0,6.67,SA,2021-09-19 01:09:18
427,Turangi,-39.0,175.9333,50.9,67,78,5.64,NZ,2021-09-19 01:12:07
428,Nabire,-3.3667,135.4833,80.46,79,100,1.7,ID,2021-09-19 01:12:08
429,Gat,31.61,34.7642,73.4,68,0,5.55,IL,2021-09-19 01:12:08
430,Awjilah,29.1081,21.2869,79.12,32,0,8.5,LY,2021-09-19 01:12:09
431,Cozumel,20.5083,-86.9458,84.18,86,20,1.99,MX,2021-09-19 01:12:09
432,Hami,42.8,93.45,72.39,22,4,6.58,CN,2021-09-19 01:12:09
433,Toamasina,-18.1667,49.3833,69.71,88,100,12.48,MG,2021-09-19 01:12:10
434,Sozopol,42.4167,27.7,61.14,71,0,9.42,BG,2021-09-19 01:12:10
435,Lagoa,39.05,-27.9833,66.45,66,92,11.68,PT,2021-09-19 01:12:10
436,Loandjili,-4.7561,11.8578,73.96,80,61,4.34,CG,2021-09-19 01:12:11
437,Tayzhina,53.6679,87.4362,43.05,82,75,3.6,RU,2021-09-19 01:12:11
438,Menongue,-14.6585,17.691,67.77,63,97,5.21,AO,2021-09-19 01:12:11
439,Itarema,-2.9248,-39.9167,78.6,80,7,18.07,BR,2021-09-19 01:12:12
440,Gazli,40.1333,63.45,71.98,20,0,9.6,UZ,2021-09-19 01:12:12
441,Sankt Valentin,48.1667,14.5167,56.14,87,75,2.93,AT,2021-09-19 01:12:12
442,Zyryanovsk,49.7386,84.2719,44.4,90,25,0.92,KZ,2021-09-19 01:12:13
443,Boqueirao,-7.5,-36.1333,67.68,88,10,9.46,BR,2021-09-19 01:12:13
444,Sitka,57.0531,-135.33,53.49,82,90,0.0,US,2021-09-19 01:12:13
445,Esmeraldas,-19.7625,-44.3139,76.06,30,30,5.23,BR,2021-09-19 01:12:14
446,Maniitsoq,65.4167,-52.9,35.76,53,3,5.68,GL,2021-09-19 01:12:14
447,Rio Grande,-32.035,-52.0986,62.94,93,19,8.32,BR,2021-09-19 01:12:14
448,Hofn,64.2539,-15.2082,51.76,87,10,16.58,IS,2021-09-19 01:12:14
449,Maningrida,-12.0667,134.2667,83.68,51,100,12.5,AU,2021-09-19 01:12:15
450,Saint Pete Beach,27.7253,-82.7412,81.07,78,100,7.45,US,2021-09-19 01:12:15
451,Kishi,9.0833,3.85,71.11,97,32,4.18,NG,2021-09-19 01:12:15
452,Mecca,21.4267,39.8261,84.83,35,19,5.35,SA,2021-09-19 01:09:58
453,Westport,41.1415,-73.3579,77.76,87,1,1.99,US,2021-09-19 01:11:18
454,Tapes,-30.6733,-51.3958,64.49,96,86,5.93,BR,2021-09-19 01:12:16
455,Yarada,17.65,83.2667,81.99,77,100,4.72,IN,2021-09-19 01:12:16
456,Constitucion,-35.3333,-72.4167,49.73,75,15,13.47,CL,2021-09-19 01:12:17
457,Baza,37.4907,-2.7726,68.58,51,0,4.0,ES,2021-09-19 01:12:17
458,Mabaruma,8.2,-59.7833,75.33,89,11,2.84,GY,2021-09-19 01:12:17
459,Anadyr,64.75,177.4833,50.5,66,40,15.66,RU,2021-09-19 01:12:18
460,Young,-32.6833,-57.6333,56.91,92,0,7.7,UY,2021-09-19 01:12:18
461,Ayagoz,47.9714,80.4392,46.45,53,0,2.48,KZ,2021-09-19 01:12:18
462,Conde,-7.2597,-34.9075,74.66,83,20,10.36,BR,2021-09-19 01:12:18
463,Tessalit,20.1986,1.0114,88.99,13,0,11.1,ML,2021-09-19 01:09:25
464,Adrar,20.5022,-10.0711,85.66,30,70,16.35,MR,2021-09-19 01:12:19
465,Kirovskiy,45.0917,133.5136,62.08,38,6,2.75,RU,2021-09-19 01:09:42
466,Tautira,-17.7333,-149.15,80.62,81,88,18.37,PF,2021-09-19 01:12:19
467,Waingapu,-9.6567,120.2641,84.83,54,57,13.67,ID,2021-09-19 01:12:20
468,Sumenep,-7.0167,113.8667,84.29,64,28,15.75,ID,2021-09-19 01:12:20
469,Guanica,17.9716,-66.908,81.25,84,0,3.71,PR,2021-09-19 01:12:20
470,Nyurba,63.2842,118.3319,38.21,60,11,5.86,RU,2021-09-19 01:12:21
471,Zonguldak,41.25,31.8333,58.06,94,96,5.5,TR,2021-09-19 01:12:21
472,Kapuskasing,49.4169,-82.4331,49.44,79,61,4.54,CA,2021-09-19 01:12:21
473,Batagay-Alyta,67.8006,130.4114,28.83,87,100,10.63,RU,2021-09-19 01:12:22
474,Trinidad,-14.8333,-64.9,86.32,36,26,4.38,BO,2021-09-19 01:12:22
475,Sorland,67.667,12.6934,51.57,76,100,16.91,NO,2021-09-19 01:12:22
476,Talara,-4.5772,-81.2719,64.04,86,15,15.59,PE,2021-09-19 01:12:22
477,Nakamura,32.9833,132.9333,81.1,63,3,3.02,JP,2021-09-19 01:12:23
478,Pavlodar,52.3,76.95,46.2,66,40,15.66,KZ,2021-09-19 01:12:23
479,Nurota,40.5614,65.6886,60.89,29,0,6.96,UZ,2021-09-19 01:12:23
480,Xuddur,4.1213,43.8894,72.48,65,69,15.82,SO,2021-09-19 01:12:24
481,Lorengau,-2.0226,147.2712,83.68,75,98,7.05,PG,2021-09-19 01:12:24
482,Mackay,-21.15,149.2,77.04,58,20,11.48,AU,2021-09-19 01:12:24
483,Bonthe,7.5264,-12.505,76.95,89,100,4.32,SL,2021-09-19 01:12:25
484,Santiago De Cao,-7.9589,-79.2392,62.69,84,79,12.55,PE,2021-09-19 01:12:25
485,Abu Kamal,34.4506,40.9171,79.43,32,0,6.2,SY,2021-09-19 01:12:25
486,Ribeirao Branco,-24.2208,-48.7656,63.46,95,5,3.6,BR,2021-09-19 01:12:26
487,Balkhash,46.844,74.9804,58.64,37,6,5.55,KZ,2021-09-19 01:12:26
488,Havre-Saint-Pierre,50.2334,-63.5986,54.25,74,100,10.63,CA,2021-09-19 01:11:41
489,Inuvik,68.3499,-133.7218,45.36,100,90,3.44,CA,2021-09-19 01:12:27
490,Sicamous,50.8331,-118.9856,62.11,89,79,3.89,CA,2021-09-19 01:12:27
491,Taybad,34.74,60.7756,69.96,31,0,14.83,IR,2021-09-19 01:12:27
492,Uhlove,44.8215,33.6045,69.57,79,100,12.03,UA,2021-09-19 01:12:28
493,Ngunguru,-35.6167,174.5,64.17,57,70,9.82,NZ,2021-09-19 01:12:28
494,Walvis Bay,-22.9575,14.5053,53.1,93,0,6.35,NA,2021-09-19 01:12:28
495,Bossangoa,6.4926,17.4552,67.23,96,100,2.21,CF,2021-09-19 01:12:29
496,Celestun,20.8667,-90.4,81.99,84,42,15.05,MX,2021-09-19 01:12:29
497,Lazo,43.3817,133.9014,72.18,52,88,2.21,RU,2021-09-19 01:12:29
498,Swan River,52.1058,-101.2676,74.03,32,0,10.33,CA,2021-09-19 01:12:30
499,Vodstroy,48.8416,44.5579,50.29,53,0,15.66,RU,2021-09-19 01:12:30
500,Flin Flon,54.7682,-101.865,62.11,51,100,9.8,CA,2021-09-19 01:12:30
501,Dalbandin,28.8947,64.4101,79.9,9,0,3.15,PK,2021-09-19 01:12:31
502,Witu,-2.3889,40.4382,75.36,88,5,10.94,KE,2021-09-19 01:12:31
503,Catarama,-1.5833,-79.4667,76.37,78,99,4.59,EC,2021-09-19 01:12:31
504,Coquimbo,-29.9533,-71.3436,53.33,87,0,3.44,CL,2021-09-19 01:12:31
505,Imeni Poliny Osipenko,52.4201,136.4853,53.8,39,93,4.79,RU,2021-09-19 01:12:32
506,Mersing,2.4312,103.8405,80.15,81,84,6.46,MY,2021-09-19 01:12:32
507,Hirara,24.8,125.2833,82.98,74,26,6.08,JP,2021-09-19 01:12:32
508,Makakilo City,21.3469,-158.0858,88.12,51,40,11.5,US,2021-09-19 01:12:33
509,Vostok,46.4856,135.8833,52.95,40,85,6.08,RU,2021-09-19 01:12:33
510,Teya,60.3778,92.6267,46.06,93,100,6.69,RU,2021-09-19 01:12:33
511,Snihurivka,47.0758,32.8052,58.1,93,13,6.6,UA,2021-09-19 01:12:34
512,Moerai,-22.4333,-151.3333,73.31,66,7,15.86,PF,2021-09-19 01:12:34
513,Toora-Khem,52.4675,96.11,49.87,78,16,3.06,RU,2021-09-19 01:12:34
514,Karpathos,35.507,27.2132,75.16,78,0,10.36,GR,2021-09-19 01:12:35
515,Maracas,-13.4411,-40.4308,59.31,80,1,6.76,BR,2021-09-19 01:12:35
516,Indian Harbour Beach,28.1489,-80.5884,82.04,90,75,4.61,US,2021-09-19 01:12:35
517,Meulaboh,4.1363,96.1285,74.32,94,100,5.14,ID,2021-09-19 01:12:36
518,Birjand,32.8663,59.2211,64.76,35,0,7.36,IR,2021-09-19 01:12:36
519,Vardo,70.3705,31.1107,43.47,77,4,19.55,NO,2021-09-19 01:12:36
520,Noumea,-22.2763,166.4572,78.78,55,23,16.08,NC,2021-09-19 01:12:36
521,Lasa,46.6166,10.7002,57.61,93,79,0.98,IT,2021-09-19 01:12:37
522,Khed Brahma,24.0333,73.05,76.3,96,100,4.94,IN,2021-09-19 01:12:37
523,San Luis,-33.295,-66.3356,66.61,39,0,1.25,AR,2021-09-19 01:10:57
524,Kabare,-2.4683,28.8242,59.4,93,72,2.89,CD,2021-09-19 01:12:38
525,Hede,33.7681,120.2517,77.65,74,11,12.55,CN,2021-09-19 01:12:38
526,Atasu,48.6814,71.6433,45.9,58,72,8.77,KZ,2021-09-19 01:12:38
527,Solnechnyy,50.7214,136.6319,54.84,33,0,13.31,RU,2021-09-19 01:12:39
528,Madisonville,37.3281,-87.4989,76.82,97,100,6.13,US,2021-09-19 01:09:57
529,Bethel,41.3712,-73.414,73.71,88,40,3.44,US,2021-09-19 01:11:13
530,Winnemucca,40.973,-117.7357,78.85,12,20,13.8,US,2021-09-19 01:12:39
531,Vao,-22.6667,167.4833,68.97,60,100,15.66,NC,2021-09-19 01:12:39
532,Malindi,-3.2175,40.1191,75.24,84,5,13.35,KE,2021-09-19 01:12:40
533,Jadu,31.953,12.0261,76.1,17,0,14.74,LY,2021-09-19 01:12:40
534,Vila Velha,-20.3297,-40.2925,73.35,78,0,12.66,BR,2021-09-19 01:11:07
535,Urumqi,43.801,87.6005,74.35,19,0,13.42,CN,2021-09-19 01:12:40
536,Bandarbeyla,9.4942,50.8122,79.0,78,100,22.66,SO,2021-09-19 01:12:41
537,Levokumskoye,44.8219,44.6606,58.08,77,100,8.68,RU,2021-09-19 01:12:41
538,Nichinan,31.6,131.3667,79.09,67,75,5.7,JP,2021-09-19 01:12:41
539,Kedgwick,47.6446,-67.3434,49.84,78,100,2.86,CA,2021-09-19 01:12:42
540,Graulhet,43.7669,1.9894,59.74,97,31,7.2,FR,2021-09-19 01:12:42
541,Mathathane,-22.2687,28.7495,53.71,74,0,9.44,BW,2021-09-19 01:12:42
542,Hambantota,6.1241,81.1185,80.08,81,100,7.52,LK,2021-09-19 01:12:43
543,Marystown,47.1666,-55.1483,58.87,94,100,9.04,CA,2021-09-19 01:12:43
544,Mangrol,21.1167,70.1167,79.66,87,100,6.42,IN,2021-09-19 01:12:43
545,Tekanto,21.0167,-89.1,84.24,75,53,3.83,MX,2021-09-19 01:12:44
546,Saint-Leu,-21.15,55.2833,70.63,75,97,15.12,RE,2021-09-19 01:12:44
547,Puerto Maldonado,-12.6,-69.1833,85.53,43,97,2.64,PE,2021-09-19 01:12:44
548,Hamilton,39.1834,-84.5333,79.99,76,1,0.0,US,2021-09-19 01:08:01
549,Aksu,41.1231,80.2644,70.27,31,0,3.04,CN,2021-09-19 01:12:45
550,Hervey Bay,-25.2986,152.8535,77.11,66,5,8.84,AU,2021-09-19 01:09:19
551,Northam,51.0333,-4.2167,58.62,96,95,4.41,GB,2021-09-19 01:12:46
552,Gamba,-2.65,10.0,74.21,86,100,6.55,GA,2021-09-19 01:12:46
553,Rocha,-34.4833,-54.3333,54.95,98,2,5.73,UY,2021-09-19 01:12:46
554,Peniche,39.3558,-9.3811,64.11,85,5,21.77,PT,2021-09-19 01:12:47
555,Jalu,29.0331,21.5482,78.39,34,0,7.16,LY,2021-09-19 01:12:47
556,Port Hedland,-20.3167,118.5667,87.85,10,5,8.05,AU,2021-09-19 01:12:47
557,Andenes,69.3143,16.1194,48.18,81,90,5.75,NO,2021-09-19 01:12:48
558,Luang Prabang,19.8856,102.1347,78.66,78,79,0.34,LA,2021-09-19 01:12:48
559,Nobeoka,32.5833,131.6667,79.45,61,0,6.38,JP,2021-09-19 01:12:48
560,Matay,28.419,30.7792,75.15,60,0,15.3,EG,2021-09-19 01:12:49
561,Muscle Shoals,34.7448,-87.6675,73.13,93,100,1.01,US,2021-09-19 01:09:26
562,Vila Do Maio,15.1333,-23.2167,79.59,84,99,8.66,CV,2021-09-19 01:12:49
563,Moose Factory,51.2585,-80.6094,51.62,77,100,4.72,CA,2021-09-19 01:12:49
564,Cienfuegos,22.1461,-80.4356,79.61,85,100,10.36,CU,2021-09-19 01:12:50
565,Laguna,38.421,-121.4238,78.64,62,1,8.01,US,2021-09-19 01:12:50
566,Tirat Karmel,32.7617,34.9719,69.96,63,0,8.95,IL,2021-09-19 01:12:50
567,Huilong,31.8111,121.655,78.98,75,0,14.47,CN,2021-09-19 01:12:51
568,Penzance,50.1186,-5.5371,57.76,81,100,12.95,GB,2021-09-19 01:12:51
569,Faya,18.3851,42.4509,61.32,22,76,3.8,SA,2021-09-19 01:12:51
570,Saiha,22.4833,92.9667,71.65,99,100,1.41,IN,2021-09-19 01:12:52
571,Muli,2.9167,73.5667,82.67,76,83,7.14,MV,2021-09-19 01:12:52
572,Verkhnyaya Toyma,62.2349,44.9985,36.27,78,98,5.46,RU,2021-09-19 01:12:52
573,Santa Rosa,14.3122,121.1114,81.1,88,100,10.38,PH,2021-09-19 01:12:53
574,Verkhnevilyuysk,63.4453,120.3167,38.84,67,100,7.0,RU,2021-09-19 01:12:53
575,Baruun-Urt,46.6806,113.2792,50.49,83,53,14.72,MN,2021-09-19 01:12:53
576,Naryan-Mar,67.6713,53.087,37.62,78,100,17.16,RU,2021-09-19 01:12:54
577,Topolobampo,25.6,-109.05,87.71,62,1,16.11,MX,2021-09-19 01:12:54
578,Beringovskiy,63.05,179.3167,49.32,63,7,3.96,RU,2021-09-19 01:12:54
579,Dingzhou,38.5131,114.9956,61.74,98,100,5.75,CN,2021-09-19 01:12:55
580,Toppenish,46.3774,-120.3087,64.99,53,30,17.65,US,2021-09-19 01:12:55
581,Paamiut,61.994,-49.6678,36.68,82,100,10.38,GL,2021-09-19 01:12:55
582,College,64.8569,-147.8028,44.55,51,75,12.66,US,2021-09-19 01:10:53
583,Auki,-8.7676,160.7034,84.96,69,31,5.3,SB,2021-09-19 01:12:56
584,Warrington,53.3925,-2.5802,63.79,86,40,3.0,GB,2021-09-19 01:12:56
585,Ninh Binh,20.2539,105.975,83.32,78,71,3.44,VN,2021-09-19 01:12:56
586,Burnie,-41.0667,145.9167,53.92,94,100,27.96,AU,2021-09-19 01:12:57
587,Ayan,56.45,138.1667,48.25,53,100,20.13,RU,2021-09-19 01:12:57
588,Ambulu,-8.345,113.6058,80.15,72,76,4.34,ID,2021-09-19 01:12:57
589,Manakara,-22.1333,48.0167,65.3,69,84,9.82,MG,2021-09-19 01:12:58
590,Yhu,-25.05,-55.9167,78.04,57,80,6.02,PY,2021-09-19 01:12:58
591,Nome,64.5011,-165.4064,47.16,71,90,13.8,US,2021-09-19 01:12:58
